period,prediction
2026-01,970301.8384100156
2026-02,970452.1201160739
2026-03,970602.4018221322
2026-04,970752.6835281904
2026-05,970902.9652342487
2026-06,971053.246940307
