period,prediction
2026-01,939679.6372867756
2026-02,939862.406424389
2026-03,940045.1755620023
2026-04,940227.9446996157
2026-05,940410.7138372291
2026-06,940593.4829748424
